sample_id,isbn13,isbn10,source_isbn,title,subtitle,authors,language,language_local_raw,publisher,publication_date,pages,series_name,series_position,cover_present,category,book_type,stratum,local_record_count,ground_truth_limitations
MB-001,9780061474101,006147410X,9780061474101,Anathem,,Neal Stephenson,unknown,,Harper,"August 25, 2009",1008,,,yes,Fictie,Leesboek,difficult_edge,1,local bibliographic reference; provider agreement does not by itself prove truth
MB-002,9780230732544,0230732542,9780230732544,Business Grammar Builder - Intermediate to Upper-intermediate,,Paul Emmerson,unknown,,Macmillan Education,2010,1,,,yes,Educatie,Studieboek,difficult_edge,1,local bibliographic reference; provider agreement does not by itself prove truth
MB-003,9780373285754,0373285752,9780373285754,The MacKade brothers: Rafe & Jared,,Nora Roberts,en,English,Silhouette,2009,473,MacKade Brothers,1,yes,Fictie,Leesboek,difficult_edge,1,local bibliographic reference; provider agreement does not by itself prove truth
MB-004,9780718100575,0718100573,0718100573,Excalibur,,Bernard Cornwell,unknown,,Book Club Associates,1997,448,,,yes,Fictie,Leesboek,difficult_edge,1,local bibliographic reference; provider agreement does not by itself prove truth
MB-005,9780718185510,071818551X,9780718185510,Into the Fire,,Gregg Hurwitz,unknown,,Michael Joseph,,,,,yes,Fictie,Leesboek,difficult_edge,1,local bibliographic reference; provider agreement does not by itself prove truth
MB-006,9780765385253,0765385252,9780765385253,Binti,,,unknown,,Tor.com,2015,,,,yes,Fictie | Non-fictie | Reizen & Cultuur,Kennisboek,difficult_edge,1,local bibliographic reference; provider agreement does not by itself prove truth
MB-007,9780802170910,0802170919,9780802170910,Blueprints of the Afterlife,,,unknown,,Black Cat,2012,,,,yes,Fictie,Leesboek,difficult_edge,1,local bibliographic reference; provider agreement does not by itself prove truth
MB-008,9781509800339,1509800336,9781509800339,The Right Time,,Danielle Steel,unknown,,,,,,,yes,Fictie,Leesboek,difficult_edge,1,local bibliographic reference; provider agreement does not by itself prove truth
MB-009,9781718502321,171850232X,9781718502321,Engineering in Plain Sight,,Grady Hillhouse,unknown,,No Starch Press,"Sep 27, 2022",224,,,yes,Non-fictie | Fictie,Leesboek,difficult_edge,1,local bibliographic reference; provider agreement does not by itself prove truth
MB-010,9781905654291,1905654294,9781905654291,Breaking Dawn,,Stephenie Meyer,unknown,,Atom,2008,,Twilight,,yes,Fictie,Leesboek,difficult_edge,1,local bibliographic reference; provider agreement does not by itself prove truth
MB-011,9783625123408,3625123401,9783625123408,Pastasauzen,,Naumann & Göbel Verlag,unknown,,Naumann & Göbel Verlag,2012-10-16,,,,yes,Fictie,Leesboek,difficult_edge,1,local bibliographic reference; provider agreement does not by itself prove truth
MB-012,9789024528943,9024528941,9789024528943,Infectie,,Scott Sigler,unknown,,Luitingh,,,,,yes,Non-fictie | Fictie,Leesboek,difficult_edge,1,local bibliographic reference; provider agreement does not by itself prove truth
MB-013,9789029015264,9029015268,9029015268,De kat in de boekenkast,,,unknown,,Meulenhoff,"Mar 17, 1984",149,,,yes,Non-fictie | Fictie,Leesboek,difficult_edge,1,local bibliographic reference; provider agreement does not by itself prove truth
MB-014,9789036616430,9036616433,9789036616430,Vijfhonderd mooiste planten voor balkon & terras,,Annette Timmermann | Klaas T. Noordhuis | Ammerins Moss-de Boer,unknown,,,2005,408,,,yes,Non-fictie,Kennisboek,difficult_edge,1,local bibliographic reference; provider agreement does not by itself prove truth
MB-015,9789056722692,9056722697,9789056722692,Brug der zuchten,,Richard Russo,unknown,,Signatuur,"Mar 19, 2008",,,,yes,Fictie,Leesboek,difficult_edge,1,local bibliographic reference; provider agreement does not by itself prove truth
MB-016,9789059651081,9059651081,9789059651081,Onmacht,,Charles den Tex,unknown,,Charles Den Tex,"May 21, 2010",,,,yes,Fictie,Leesboek,difficult_edge,1,local bibliographic reference; provider agreement does not by itself prove truth
MB-017,9789059657328,9059657322,9789059657328,De eerlijke vinder,,,unknown,,,,,,,yes,Fictie,Leesboek,difficult_edge,1,local bibliographic reference; provider agreement does not by itself prove truth
MB-018,9789060123447,9060123441,9060123441,Bij Ons in Het Dorp,,Peter,unknown,,Van Gennep,"Feb 24, 1977",,,,yes,Non-fictie | Fictie,Leesboek,difficult_edge,1,local bibliographic reference; provider agreement does not by itself prove truth
MB-019,9789492790095,9492790092,9789492790095,Kanban in de praktijk,,Sam Laing | Karen Greaves,unknown,,,2018-02-05,,,,no,Fictie,Leesboek,difficult_edge,1,local bibliographic reference; provider agreement does not by itself prove truth
MB-020,9789608386761,9608386764,9789608386761,Magical Greece,,Andreas Smaragdēs | Eleni N. Gage,other,el,,2008,,,,yes,Non-fictie,Kennisboek,difficult_edge,1,local bibliographic reference; provider agreement does not by itself prove truth
MB-021,9780007279371,000727937X,9780007279371,My favourite wife,,Tony Parsons,en,English,"HarperCollins, Harper Collins, Harper",2008,374,,,yes,Fictie,Leesboek,en_fiction,1,local bibliographic reference; provider agreement does not by itself prove truth
MB-022,9780099410218,0099410214,9780099410218,The Runaway Jury,,John Grisham,en,English,Arrow Books,1996,,,,yes,Fictie,Leesboek,en_fiction,1,local bibliographic reference; provider agreement does not by itself prove truth
MB-023,9780141021737,014102173X,9780141021737,Second Chance,,Jane Green,en,English,"Penguin Books, Limited",2017,448,,,yes,Fictie,Leesboek,en_fiction,1,local bibliographic reference; provider agreement does not by itself prove truth
MB-024,9780263872316,0263872319,9780263872316,Captivated,,Nora Roberts,en,English,"Harlequin Mills & Boon, Limited, Silhouette Books",2009,331,,,yes,Fictie,Leesboek,en_fiction,1,local bibliographic reference; provider agreement does not by itself prove truth
MB-025,9780307275554,0307275558,9780307275554,The Devil wears Prada,,Lauren Weisberger,en,English,Anchor Books,2006,432,,,yes,Fictie,Leesboek,en_fiction,1,local bibliographic reference; provider agreement does not by itself prove truth
MB-026,9780312330538,0312330537,9780312330538,Shantaram,,Gregory David Roberts,en,English,St. Martin's Griffin,"September 29, 2005",944,,,yes,Fictie,Leesboek,en_fiction,1,local bibliographic reference; provider agreement does not by itself prove truth
MB-027,9780316067812,0316067814,9780316067812,"The Awakened Mage (Kingmaker, Kingbreaker)",,Karen Miller,en,English,Orbit,"October 1, 2007",736,,,yes,Fictie,Leesboek,en_fiction,1,local bibliographic reference; provider agreement does not by itself prove truth
MB-028,9780345359797,0345359798,0345359798,Washington goes to war,,David Brinkley,en,English,Ballantine Books,1989,287,,,yes,Fictie,Leesboek,en_fiction,2,local bibliographic reference; provider agreement does not by itself prove truth
MB-029,9780349114033,034911403X,9780349114033,Four Blondes,,Candace Bushnell,en,English,"Little, Brown Book Group Limited",2001,320,,,yes,Fictie,Leesboek,en_fiction,1,local bibliographic reference; provider agreement does not by itself prove truth
MB-030,9780349415000,0349415005,9780349415000,Of Blood and Bone,,Nora Roberts,en,English,Piatkus,"Oct 08, 2019",544,Chronicles of The One,2,yes,Fictie,Leesboek,en_fiction,1,local bibliographic reference; provider agreement does not by itself prove truth
MB-031,9780349424170,0349424179,9780349424170,No Judgments,,Meg Cabot,en,English,"Little, Brown Book Group Limited",2019,384,,,yes,Fictie,Leesboek,en_fiction,1,local bibliographic reference; provider agreement does not by itself prove truth
MB-032,9780349426365,0349426368,9780349426365,Awakening,,Nora Roberts,en,English,"Little, Brown Book Group Limited",2020,400,,,yes,Fictie,Leesboek,en_fiction,1,local bibliographic reference; provider agreement does not by itself prove truth
MB-033,9780349427058,0349427054,9780349427058,Blithe Images,,Nora Roberts,en,English,"Little, Brown Book Group Limited",2021,288,,,yes,Fictie,Leesboek,en_fiction,1,local bibliographic reference; provider agreement does not by itself prove truth
MB-034,9780349437507,0349437505,9780349437507,Inheritance,,Nora Roberts,en,English,"Little, Brown Book Group Limited",2024,,The Lost Bride Trilogy,1,yes,Fictie,Leesboek,en_fiction,1,local bibliographic reference; provider agreement does not by itself prove truth
MB-035,9780385543910,0385543913,9780385543910,Darker,,E. L. James,en,English,Vintage Books,2017,560,,,yes,Fictie,Leesboek,en_fiction,1,local bibliographic reference; provider agreement does not by itself prove truth
MB-036,9780425155189,0425155188,9780425155189,Rapture in Death,,Nora Roberts,en,English,Berkley Books,1996-10,,In Death,4,yes,Fictie,Leesboek,en_fiction,1,local bibliographic reference; provider agreement does not by itself prove truth
MB-037,9780425183977,0425183971,0425183971,Reunion in death,,Nora Roberts,en,English,Berkley Books,2002,371,In Death,,yes,Fictie,Leesboek,en_fiction,1,local bibliographic reference; provider agreement does not by itself prove truth
MB-038,9780425208816,0425208818,0425208818,Midnight in Death,,Nora Roberts,en,English,Berkley,"September 27, 2005",96,In Death,,yes,Fictie,Leesboek,en_fiction,1,local bibliographic reference; provider agreement does not by itself prove truth
MB-039,9780440220299,0440220297,9780440220299,Life in the Fat Lane (Laurel-Leaf Books),,Cherie Bennett,en,English,Laurel Leaf,"July 13, 1999",266,,,yes,Fictie,Leesboek,en_fiction,1,local bibliographic reference; provider agreement does not by itself prove truth
MB-040,9780441003709,0441003702,9780441003709,Schismatrix Plus,,Bruce Sterling,en,English,Ace Books,1996,319,,,yes,Fictie,Leesboek,en_fiction,1,local bibliographic reference; provider agreement does not by itself prove truth
MB-041,9780441006601,0441006604,9780441006601,The Hunt,,Susan Sizemore,en,English,Ace,"October 1, 1999",288,Laws of the Blood,1,yes,Fictie,Leesboek,en_fiction,1,local bibliographic reference; provider agreement does not by itself prove truth
MB-042,9780450574580,045057458X,9780450574580,Needful Things,,,en,English,New English Library / Hodder and Stoughton,1992,790,,,yes,Fictie,Leesboek,en_fiction,1,local bibliographic reference; provider agreement does not by itself prove truth
MB-043,9780451211149,0451211146,0451211146,What a girl wants,,Liz Maverick,en,English,New American Library,2004,264,,,yes,Fictie,Leesboek,en_fiction,1,local bibliographic reference; provider agreement does not by itself prove truth
MB-044,9780515114690,0515114693,9780515114690,Born in Fire,,Nora Roberts,en,English,Jove,"October 1, 1994",405,Born In Trilogy,1,yes,Fictie,Leesboek,en_fiction,1,local bibliographic reference; provider agreement does not by itself prove truth
MB-045,9780552134620,0552134627,9780552134620,Guards! Guards!,,Terry Pratchett,en,English,Corgi Books,1991,412,,,yes,Fictie,Leesboek,en_fiction,1,local bibliographic reference; provider agreement does not by itself prove truth
MB-046,9780552150736,0552150738,9780552150736,Angels and Demons,,Dan Brown,en,English,Corgi,2003?,620,,,yes,Fictie,Leesboek,en_fiction,1,local bibliographic reference; provider agreement does not by itself prove truth
MB-047,9780552166607,055216660X,9780552166607,The Light Fantastic,,Terry Pratchett,en,English,Corgi Books,"Jul 09, 2012",285,,,yes,Fictie,Leesboek,en_fiction,1,local bibliographic reference; provider agreement does not by itself prove truth
MB-048,9780552546935,0552546933,9780552546935,The Amazing Maurice and His Educated Rodents,,Terry Pratchett,en,English,Corgi Books,2002,,,,yes,Fictie,Leesboek,en_fiction,1,local bibliographic reference; provider agreement does not by itself prove truth
MB-049,9780552552127,0552552127,9780552552127,Brisingr,,Christopher Paolini,en,English,Penguin Random House,2009,784,,,yes,Fictie,Leesboek,en_fiction,1,local bibliographic reference; provider agreement does not by itself prove truth
MB-050,9780552774390,0552774391,9780552774390,"Mini Shopaholic (Shopaholic Series, Book 6)",,Sophie Kinsella,en,English,Black Swan,2011,457,,,yes,Fictie,Leesboek,en_fiction,1,local bibliographic reference; provider agreement does not by itself prove truth
MB-051,9780553573404,0553573403,9780553573404,A Game of Thrones,,George R. R. Martin,en,English,Bantam Books,2011,,A Song of Ice and Fire,1,yes,Fictie,Leesboek,en_fiction,1,local bibliographic reference; provider agreement does not by itself prove truth
MB-052,9780749928902,0749928905,9780749928902,Born in ice,,Nora Roberts,en,English,Piatkus,2009,386,Born In Trilogy,2,yes,Fictie,Leesboek,en_fiction,1,local bibliographic reference; provider agreement does not by itself prove truth
MB-053,9780749942083,0749942088,9780749942083,Search,,Nora Roberts,en,English,"Little, Brown Book Group Limited",2011,,,,yes,Fictie,Leesboek,en_fiction,1,local bibliographic reference; provider agreement does not by itself prove truth
MB-054,9780749954161,0749954167,9780749954161,Naked in Death,,Nora Roberts,en,English,"Little, Brown Book Group Limited",2010,,In Death,1,yes,Fictie,Leesboek,en_fiction,1,local bibliographic reference; provider agreement does not by itself prove truth
MB-055,9780751565355,0751565350,9780751565355,Harry Potter and the Cursed Child,,J. K. Rowling,en,English,Levine/Scholastic,"Aug 01, 2016",352,,,yes,Fictie,Leesboek,en_fiction,1,local bibliographic reference; provider agreement does not by itself prove truth
MB-056,9780778326687,0778326683,9780778326687,4 bodies and a funeral,,Stephanie Bond,en,English,MIRA,2009,347,,,yes,Fictie,Leesboek,en_fiction,1,local bibliographic reference; provider agreement does not by itself prove truth
MB-057,9780887331251,0887331254,9780887331251,Madouc,,Jack Vance,en,English,Underwood Books,June 1990,,,,yes,Fictie,Leesboek,en_fiction,1,local bibliographic reference; provider agreement does not by itself prove truth
MB-058,9781250211101,1250211107,9781250211101,"Six of Crows Boxed Set: Six of Crows, Crooked Kingdom",,Leigh Bardugo,en,English,Square Fish,2018-10-16,,The Six of Crows duology,,yes,Fictie,Leesboek,en_fiction,1,local bibliographic reference; provider agreement does not by itself prove truth
MB-059,9781399624046,1399624040,9781399624046,The Names,,Florence Knapp,en,en,Phoenix,2026-03-26,,,,yes,Fictie,Leesboek,en_fiction,1,local bibliographic reference; provider agreement does not by itself prove truth
MB-060,9781405911429,1405911425,9781405911429,Blue Monday,,Nicci French,en,English,Penguin Books,2012,412,,,yes,Fictie,Leesboek,en_fiction,1,local bibliographic reference; provider agreement does not by itself prove truth
MB-061,9781405936552,140593655X,9781405936552,Sunday Morning Coming Down,,Nicci French,en,English,"Penguin Books, Limited",2018,416,,,yes,Fictie,Leesboek,en_fiction,1,local bibliographic reference; provider agreement does not by itself prove truth
MB-062,9781471136726,1471136728,9781471136726,Ugly Love,,Colleen Hoover,en,English,"Simon & Schuster, Limited",2014,,,,yes,Fictie,Leesboek,en_fiction,1,local bibliographic reference; provider agreement does not by itself prove truth
MB-063,9781471156267,1471156265,9781471156267,It Ends With Us,,Colleen Hoover,en,English,"Simon & Schuster UK Ltd., Simon & Schuster Ltd","August 2nd, 2016",384,,,yes,Fictie,Leesboek,en_fiction,1,local bibliographic reference; provider agreement does not by itself prove truth
MB-064,9781471167614,1471167615,9781471167614,Every Breath You Take,,Mary Higgins Clark | Alafair Burke,en,English,"Simon & Schuster, Limited",2018,,,,yes,Fictie,Leesboek,en_fiction,1,local bibliographic reference; provider agreement does not by itself prove truth
MB-065,9781473227989,1473227984,9781473227989,Ninth House,,Leigh Bardugo,en,English,"Orion Publishing Group, Limited",2020,480,,,yes,Fictie,Leesboek,en_fiction,1,local bibliographic reference; provider agreement does not by itself prove truth
MB-066,9781473231061,147323106X,9781473231061,Last Wish,,Andrzej Sapkowski | Danusia Stok,en,English,"Orion Publishing Group, Limited",2020,288,,,yes,Fictie,Leesboek,en_fiction,1,local bibliographic reference; provider agreement does not by itself prove truth
MB-067,9781473231078,1473231078,9781473231078,Blood of Elves,,Andrzej Sapkowski | Danusia Stok,en,English,Orion Publishing Group,2020,320,,,yes,Fictie,Leesboek,en_fiction,1,local bibliographic reference; provider agreement does not by itself prove truth
MB-068,9781510104495,1510104496,9781510104495,Rule of Wolves (King of Scars Book 2),,Leigh Bardugo,en,English,Hachette Children's Group,2022,,King-of-Scars,,yes,Fictie,Leesboek,en_fiction,1,local bibliographic reference; provider agreement does not by itself prove truth
MB-069,9781529084382,1529084385,9781529084382,Last Summer,,Karen Swan,en,English,Pan Macmillan,2023,,,,yes,Fictie,Leesboek,en_fiction,1,local bibliographic reference; provider agreement does not by itself prove truth
MB-070,9781529158564,1529158567,9781529158564,Family Remains,,Lisa Jewell,en,English,"Penguin Books, Limited",2023,,,,yes,Fictie,Leesboek,en_fiction,1,local bibliographic reference; provider agreement does not by itself prove truth
MB-071,9781529920505,1529920507,9781529920505,Killing Moon,,Jo Nesbo | Seán Kinsella,en,English,Penguin Random House,2024,,,,yes,Fictie,Leesboek,en_fiction,1,local bibliographic reference; provider agreement does not by itself prove truth
MB-072,9781599214542,1599214547,9781599214542,Preggatinis,,Natalie Bovis-Nelsen,en,English,GPP Life,2009,,,,yes,Fictie,Leesboek,en_fiction,1,local bibliographic reference; provider agreement does not by itself prove truth
MB-073,9781784161101,1784161101,9781784161101,Girl on the Train,,Paula Hawkins,en,English,Transworld Publishers Limited,2018,,,,yes,Fictie,Leesboek,en_fiction,1,local bibliographic reference; provider agreement does not by itself prove truth
MB-074,9781784709112,1784709115,9781784709112,Kingdom,,Jo Nesbø,en,English,Penguin Random House,2021,656,,,yes,Fictie,Leesboek,en_fiction,1,local bibliographic reference; provider agreement does not by itself prove truth
MB-075,9781786541086,1786541084,9781786541086,Stay Another Day,,Juno Dawson,en,English,"Quercus, Quercus Children's Books",2021,400,,,yes,Fictie,Leesboek,en_fiction,1,local bibliographic reference; provider agreement does not by itself prove truth
MB-076,9781786691736,1786691736,9781786691736,Siege of Stone,,Terry Goodkind,en,English,Head of Zeus,2019,560,,,yes,Fictie,Leesboek,en_fiction,1,local bibliographic reference; provider agreement does not by itself prove truth
MB-077,9781787303133,1787303136,9781787303133,Jealousy Man and Other Stories,,Jo Nesbø,en,English,Penguin Random House,2021,544,,,yes,Fictie,Leesboek,en_fiction,1,local bibliographic reference; provider agreement does not by itself prove truth
MB-078,9781800812437,1800812434,9781800812437,Remainders of the Day,,Shaun Bythell,en,English,Profile Books Limited,2023,,,,yes,Fictie,Leesboek,en_fiction,1,local bibliographic reference; provider agreement does not by itself prove truth
MB-079,9781804990032,1804990035,9781804990032,Cloisters,,Katy Hays,en,English,"Penguin Books, Limited",2023,,,,yes,Fictie,Leesboek,en_fiction,1,local bibliographic reference; provider agreement does not by itself prove truth
MB-080,9798217007868,,9798217007868,L.A. Confidential,,James Ellroy,en,English,Knopf Doubleday Publishing Group,2025-12-02,400,,,yes,Fictie,Leesboek,en_fiction,1,local bibliographic reference; provider agreement does not by itself prove truth
MB-081,9780007538065,0007538065,9780007538065,Divergent,,,en,English,"HarperCollinsPublishers, HarperCollins Children's Books",2014,,,,yes,Fictie | Non-fictie,Kennisboek,en_nonfiction_knowledge,1,local bibliographic reference; provider agreement does not by itself prove truth
MB-082,9780008715786,0008715785,9780008715786,Diana Wynne Jones Box Set,,Diana Wynne Jones,en,English,HarperCollins Publishers Limited,2024,,,,yes,Non-fictie | Fictie,Leesboek,en_nonfiction_knowledge,1,local bibliographic reference; provider agreement does not by itself prove truth
MB-083,9780099532958,0099532956,9780099532958,Hannibal Rising,,Thomas Harris,en,English,Penguin Random House,2009,400,,,yes,Non-fictie | Fictie,Kennisboek,en_nonfiction_knowledge,1,local bibliographic reference; provider agreement does not by itself prove truth
MB-084,9780141021621,0141021624,9780141021621,Skeleton Coast,,Clive Cussler | Jack du Brul,en,English,"Penguin Books, Limited",2008,,,,yes,Fictie | Non-fictie | Reizen & Cultuur,Kennisboek,en_nonfiction_knowledge,1,local bibliographic reference; provider agreement does not by itself prove truth
MB-085,9780142437247,0142437247,9780142437247,"Moby-Dick, or, The whale",,Herman Melville,en,English,Penguin Books,2003,654,,,yes,Fictie | Non-fictie | Reizen & Cultuur,Kennisboek,en_nonfiction_knowledge,1,local bibliographic reference; provider agreement does not by itself prove truth
MB-086,9780241425428,0241425425,9780241425428,The Man Who Died Twice,,Richard Osman,en,English,Viking,2021,423,,,yes,Non-fictie,Kennisboek,en_nonfiction_knowledge,1,local bibliographic reference; provider agreement does not by itself prove truth
MB-087,9780241961001,0241961009,9780241961001,Peripheral,,William Gibson,en,English,"Penguin Books, Limited",2015,496,,,yes,Fictie | Non-fictie,Kennisboek,en_nonfiction_knowledge,1,local bibliographic reference; provider agreement does not by itself prove truth
MB-088,9780273769248,0273769243,9780273769248,Structured Computer Organization,,Andrew S. Tanenbaum | Todd Austin,en,English,"Pearson Education, Limited",2012,800,,,yes,Educatie,Studieboek,en_nonfiction_knowledge,1,local bibliographic reference; provider agreement does not by itself prove truth
MB-089,9780307951526,0307951529,9780307951526,The $100 Startup,,,en,English,Crown Business,2012,,,,yes,Non-fictie,Kennisboek,en_nonfiction_knowledge,1,local bibliographic reference; provider agreement does not by itself prove truth
MB-090,9780345417084,0345417089,9780345417084,"Wit'ch Storm (The Banned and the Banished, Book 2)",,James Clemens,en,English,Del Rey,"May 2, 2000",544,,,yes,Fictie | Non-fictie | Reizen & Cultuur,Kennisboek,en_nonfiction_knowledge,1,local bibliographic reference; provider agreement does not by itself prove truth
MB-091,9780356502588,0356502589,9780356502588,The first fifteen lives of Harry August,,Claire North,en,English,Orbit,2014,405,,,yes,Fictie | Non-fictie | Reizen & Cultuur,Kennisboek,en_nonfiction_knowledge,1,local bibliographic reference; provider agreement does not by itself prove truth
MB-092,9780425222287,0425222284,9780425222287,The Chase,,Clive Cussler,en,en,Berkley Books,2008-10,340,,,no,Non-fictie | Fictie,Kennisboek,en_nonfiction_knowledge,1,local bibliographic reference; provider agreement does not by itself prove truth
MB-093,9780471353485,0471353485,9780471353485,The Data Model Resource Book,,Len Silverston,en,English,"Wiley [Imprint], John Wiley & Sons, Incorporated.",2001,,,,yes,Non-fictie,Kennisboek,en_nonfiction_knowledge,1,local bibliographic reference; provider agreement does not by itself prove truth
MB-094,9780552148405,0552148407,9780552148405,Thief of Time,,Terry Pratchett,en,English,Corgi Books,2002,430,,,yes,Fictie | Non-fictie,Kennisboek,en_nonfiction_knowledge,1,local bibliographic reference; provider agreement does not by itself prove truth
MB-095,9780596009205,0596009208,9780596009205,Head first Java,,Kathy Sierra | Bert Bates,en,English,O'Reilly,2005,688,,,yes,Educatie | Non-fictie,Studieboek,en_nonfiction_knowledge,1,local bibliographic reference; provider agreement does not by itself prove truth
MB-096,9780670919543,0670919543,9780670919543,Zero History,,William Gibson,en,en,Putnam Adult,2010,404,,,yes,"Non-fictie | Fictie | Hobby, Sport & Creatief",Kennisboek,en_nonfiction_knowledge,1,local bibliographic reference; provider agreement does not by itself prove truth
MB-097,9780747546245,074754624X,9780747546245,Harry Potter and the Goblet of Fire,,,en,English,Bloomsbury,2000,,,,yes,"Non-fictie | Hobby, Sport & Creatief",Kennisboek,en_nonfiction_knowledge,1,local bibliographic reference; provider agreement does not by itself prove truth
MB-098,9780765343161,0765343169,9780765343161,The Aftermath,,Ben Bova,en,English,Tor Science Fiction,"April 1, 2008",400,,,yes,"Fictie | Non-fictie | Reizen & Cultuur | Hobby, Sport & Creatief",Kennisboek,en_nonfiction_knowledge,1,local bibliographic reference; provider agreement does not by itself prove truth
MB-099,9780786965601,0786965606,9780786965601,Player's Handbook,,Wizards RPG Team,en,English,Wizards of the Coast,"Aug 19, 2014",320,,,yes,Fictie | Non-fictie,Kennisboek,en_nonfiction_knowledge,1,local bibliographic reference; provider agreement does not by itself prove truth
MB-100,9780997138948,0997138947,9780997138948,I Draw Motos,,IDRAW Creative Goods | David Mucci,en,en,,2019-12-29,167,,,yes,Educatie | Non-fictie,Studieboek,en_nonfiction_knowledge,1,local bibliographic reference; provider agreement does not by itself prove truth
MB-101,9781118980828,1118980824,9781118980828,Designing brand identity,,Alina Wheeler,en,English,Wiley,2018,324,,,yes,Non-fictie,Kennisboek,en_nonfiction_knowledge,1,local bibliographic reference; provider agreement does not by itself prove truth
MB-102,9781250122971,125012297X,9781250122971,Year One,,Nora Roberts,en,English,St. Martin's Paperbacks,"Sep 24, 2019",464,Chronicles of The One,1,yes,Fictie | Non-fictie,Kennisboek,en_nonfiction_knowledge,1,local bibliographic reference; provider agreement does not by itself prove truth
MB-103,9781439149034,1439149038,9781439149034,Under the Dome,,Stephen King,en,English,Gallery Books,2010-07,1074,,,yes,"Fictie | Non-fictie | Hobby, Sport & Creatief",Kennisboek,en_nonfiction_knowledge,1,local bibliographic reference; provider agreement does not by itself prove truth
MB-104,9781473231122,1473231124,9781473231122,Lady of the Lake,,Andrzej Sapkowski | David French,en,English,"Orion Publishing Group, Limited",March 14th 2017,544,,,yes,Fictie | Non-fictie | Reizen & Cultuur,Kennisboek,en_nonfiction_knowledge,1,local bibliographic reference; provider agreement does not by itself prove truth
MB-105,9781529962253,1529962250,9781529962253,1984,,George Orwell | Robert Harris,en,English,Penguin Random House,2025,384,,,yes,Non-fictie,Kennisboek,en_nonfiction_knowledge,1,local bibliographic reference; provider agreement does not by itself prove truth
MB-106,9781592405169,1592405169,9781592405169,How to take over teh wurld,,Professor Happycat,en,English,Gotham Books,2009,,,,yes,Non-fictie,Kennisboek,en_nonfiction_knowledge,1,local bibliographic reference; provider agreement does not by itself prove truth
MB-107,9781784971656,1784971650,9781784971656,Death's End,,刘慈欣,en,English,Head of Zeus,"May 04, 2017",724,,,yes,Fictie | Non-fictie | Reizen & Cultuur,Kennisboek,en_nonfiction_knowledge,1,local bibliographic reference; provider agreement does not by itself prove truth
MB-108,9781785658631,1785658638,9781785658631,Vengeful,,V.E. Schwab,en,English,Titan Publ. Group Ltd.,"Mar 19, 2019",575,,,yes,Fictie | Non-fictie | Reizen & Cultuur,Kennisboek,en_nonfiction_knowledge,1,local bibliographic reference; provider agreement does not by itself prove truth
MB-109,9789163906572,9163906570,9789163906572,Illustrator's Guidebook,,21 Draw,en,English,21D Sweden AB,2016,185,,,yes,Non-fictie,Kennisboek,en_nonfiction_knowledge,1,local bibliographic reference; provider agreement does not by itself prove truth
MB-110,9798336559811,,9798336559811,The Ultimate Guide to Rebuilding a Civilization,,Jackson Ridge,en,en,,2024,,,,no,Non-fictie | Fictie,Leesboek,en_nonfiction_knowledge,1,local bibliographic reference; provider agreement does not by itself prove truth
MB-111,9781445403014,1445403013,9781445403014,Bakken,,Jetty Huisman | Tanja Timmerman,nl,nl,,2007,240,,,yes,,Kookboek,nl_cook_travel_reference,1,local bibliographic reference; provider agreement does not by itself prove truth
MB-112,9789021540757,9021540754,9789021540757,Jamie's kookrevolutie / druk 3,,Jamie Oliver,nl,nl,,2011-09,360,,,yes,Koken & Voeding,Kookboek,nl_cook_travel_reference,1,local bibliographic reference; provider agreement does not by itself prove truth
MB-113,9789021548906,9021548909,9789021548906,Het Tapasboek / druk 1,,Simone Ortega | Inés Ortega,nl,nl,,2010-10,432,,,yes,,Kookboek,nl_cook_travel_reference,1,local bibliographic reference; provider agreement does not by itself prove truth
MB-114,9789021548975,9021548976,9789021548975,Het nieuwe Haagse kookboek / druk 85,,Frédérique Mathilde Stoll | Wilhelmina Hendrika Groot,nl,nl,,2012-01,462,,,yes,Koken & Voeding,Kookboek,nl_cook_travel_reference,1,local bibliographic reference; provider agreement does not by itself prove truth
MB-115,9789021553689,9021553686,9789021553689,Kookschool / druk 1,,,nl,nl,,2013-10-07,512,,,yes,,Kookboek,nl_cook_travel_reference,1,local bibliographic reference; provider agreement does not by itself prove truth
MB-116,9789021580449,9021580446,9789021580449,Jamie's Italie / druk 14,,Jamie Oliver,nl,nl,,2010-12,317,,,yes,,Kookboek,nl_cook_travel_reference,1,local bibliographic reference; provider agreement does not by itself prove truth
MB-117,9789024350285,902435028X,9789024350285,De meesterlijke keuken voor vis en zeevruchten,,Wolfgang Grobauer | Tineke de Lang,nl,nl,,1992,164,,,yes,,Kookboek,nl_cook_travel_reference,1,local bibliographic reference; provider agreement does not by itself prove truth
MB-118,9789026929397,9026929390,9789026929397,Pastasaus,,Lindy Wildsmith | K. Verhagen,nl,nl,,2004,62,,,yes,,Kookboek,nl_cook_travel_reference,1,local bibliographic reference; provider agreement does not by itself prove truth
MB-119,9789026930140,9026930143,9789026930140,Vis variaties,,A. Stoffel-Donskoy,nl,nl,,1978,72,,,yes,,Kookboek,nl_cook_travel_reference,1,local bibliographic reference; provider agreement does not by itself prove truth
MB-120,9789035137585,9035137582,9789035137585,De voedselzandloper,,Kris Verburgh,nl,nl,,2012,389,,,yes,Koken & Voeding,Kookboek,nl_cook_travel_reference,1,local bibliographic reference; provider agreement does not by itself prove truth
MB-121,9789044609998,9044609998,9789044609998,Lucifer,,Connie Palmen,nl,Dutch,Prometheus,2007,351,,,yes,Non-fictie | Reizen & Cultuur,Kennisboek,nl_cook_travel_reference,1,local bibliographic reference; provider agreement does not by itself prove truth
MB-122,9789048301331,9048301335,9789048301331,500 taarten & cakes / druk 9,,Susannah Blake,nl,nl,,2014-05-19,288,500,,yes,,Kookboek,nl_cook_travel_reference,1,local bibliographic reference; provider agreement does not by itself prove truth
MB-123,9789048308255,9048308259,9789048308255,Minibijbel Barbecue / druk 2,,Linda Tubby,nl,nl,,2013-08-02,256,,,yes,,Kookboek,nl_cook_travel_reference,1,local bibliographic reference; provider agreement does not by itself prove truth
MB-124,9789048314133,9048314135,9789048314133,500 roerbakgerechten,,Michelle Keogh,nl,nl,,2017-01-25,,500,,yes,,Kookboek,nl_cook_travel_reference,1,local bibliographic reference; provider agreement does not by itself prove truth
MB-125,9789054265115,9054265116,9789054265115,De kleine kok,,Judy Bastyra | Nicola Smee | Mike Galletly | Jan J. Gestel | Marthe C. Philipse,nl,nl,,1991,32,,,yes,,Kookboek,nl_cook_travel_reference,1,local bibliographic reference; provider agreement does not by itself prove truth
MB-126,9789059209077,9059209079,9789059209077,500 sappen & smoothies,,Christine Watson,nl,nl,,2014-12-04,288,500,,yes,,Kookboek,nl_cook_travel_reference,1,local bibliographic reference; provider agreement does not by itself prove truth
MB-127,9789059646216,9059646215,9789059646216,Pasen,,Francis van Arkel,nl,nl,,2009,44,,,yes,,Kookboek,nl_cook_travel_reference,1,local bibliographic reference; provider agreement does not by itself prove truth
MB-128,9789066116665,9066116668,9789066116665,Kookschool - de klassiekers,,Keda Black,nl,nl,,2007,,Kookschool,,yes,,Kookboek,nl_cook_travel_reference,1,local bibliographic reference; provider agreement does not by itself prove truth
MB-129,9789077695012,907769501X,9789077695012,De basis,,Filip Verheyden,nl,nl,,2006,320,,,yes,Koken & Voeding,Kookboek,nl_cook_travel_reference,1,local bibliographic reference; provider agreement does not by itself prove truth
MB-130,9789082442106,9082442108,9789082442106,Het Albert Heijn viskookboek / druk 1,,Bart van Olphen,nl,nl,,2015-12-16,176,,,yes,,Kookboek,nl_cook_travel_reference,1,local bibliographic reference; provider agreement does not by itself prove truth
MB-131,9789087530563,9087530560,9789087530563,Foundations van ITIL® V3,,Annelies van der Veen | Jan van Bon,nl,nl,Van Haren Publishing,2007-10-29,,,,yes,Educatie | Non-fictie,Studieboek,nl_cook_travel_reference,1,local bibliographic reference; provider agreement does not by itself prove truth
MB-132,9789089896230,9089896236,9789089896230,Zo doe je dat - koken / druk 1,,Gabriela Scolik,nl,nl,,2014-11-25,256,,,yes,Koken & Voeding,Kookboek,nl_cook_travel_reference,1,local bibliographic reference; provider agreement does not by itself prove truth
MB-133,9789401625708,9401625700,9789401625708,Het Deense verlangen,,Karen Swan,nl,nl,Karakter,2025-12-02,410,,,yes,Non-fictie | Fictie | Reizen & Cultuur,Kennisboek,nl_cook_travel_reference,1,local bibliographic reference; provider agreement does not by itself prove truth
MB-134,9789401809917,9401809917,9789401809917,Basiskennis informatiebeveiliging,,Jule Hintzbergen | Kees Hintzbergen,nl,nl,,2023,,,,yes,Educatie | Non-fictie,Studieboek,nl_cook_travel_reference,1,local bibliographic reference; provider agreement does not by itself prove truth
MB-135,9789463543804,9463543805,9789463543804,Barbecue & bier,,Guido Schmelich,nl,nl,,2019,,,,yes,,Kookboek,nl_cook_travel_reference,1,local bibliographic reference; provider agreement does not by itself prove truth
MB-136,9789490561116,9490561118,9789490561116,Van de grill op de plank / druk 1,,Djoni Laarkamp-Makkink | Desiree Verkaar,nl,nl,,2014-09-18,96,,,yes,,Kookboek,nl_cook_travel_reference,1,local bibliographic reference; provider agreement does not by itself prove truth
MB-137,9789493256002,9493256006,9789493256002,Op zee,,Toine Heijmans,nl,nl,,2021,,,,no,Non-fictie | Reizen & Cultuur,Kennisboek,nl_cook_travel_reference,1,local bibliographic reference; provider agreement does not by itself prove truth
MB-138,9783625123361,3625123363,9783625123361,Italiaans,,,nl,NL,Moliere,2013,,,,yes,Fictie,Leesboek,nl_fiction,1,local bibliographic reference; provider agreement does not by itself prove truth
MB-139,9783625123392,3625123398,9783625123392,Gerechten voor twee,,,nl,NL,,2010,240,,,yes,Fictie,Leesboek,nl_fiction,1,local bibliographic reference; provider agreement does not by itself prove truth
MB-140,9789021024882,9021024888,9789021024882,De eerlijke vinder,,Stephen Edwin King,nl,nl,,2019,,,,no,Fictie,Leesboek,nl_fiction,1,local bibliographic reference; provider agreement does not by itself prove truth
MB-141,9789021057552,9021057557,9789021057552,Het huis aan de Schotse kust,,Jenny Colgan,nl,nl,Luitingh Sijthoff,2026-06-02,335,,,yes,Fictie,Leesboek,nl_fiction,1,local bibliographic reference; provider agreement does not by itself prove truth
MB-142,9789021484754,9021484757,9021484757,Stoom,,Willem van Toorn,nl,Dutch,Querido,2005,285,,,yes,Fictie,Leesboek,nl_fiction,1,local bibliographic reference; provider agreement does not by itself prove truth
MB-143,9789022540497,9022540499,9789022540497,De magiërsleerling,,Trudi Canavan,nl,Dutch,Uitgeverij M,2005,395,De Zwarte Magiërs,2,yes,Fictie,Leesboek,nl_fiction,1,local bibliographic reference; provider agreement does not by itself prove truth
MB-144,9789022543993,9022543994,9789022543993,De opperheer,,Trudi Canavan,nl,Dutch,Uitgeverij M,2006,448,De Zwarte Magiërs,3,yes,Fictie,Leesboek,nl_fiction,1,local bibliographic reference; provider agreement does not by itself prove truth
MB-145,9789022544778,902254477X,9789022544778,Pip / druk 3,,Freya North,nl,nl,,2007-09,320,,,no,Fictie,Leesboek,nl_fiction,1,local bibliographic reference; provider agreement does not by itself prove truth
MB-146,9789022569603,9022569608,9789022569603,Een affaire in Cornwall / druk 1,,Liz Fenwick,nl,nl,,2014-03-05,336,,,no,Fictie,Leesboek,nl_fiction,1,local bibliographic reference; provider agreement does not by itself prove truth
MB-147,9789022587423,9022587428,9789022587423,Het Instituut,,Stephen King,nl,Dutch,Boekerij,2019,,,,yes,Fictie,Leesboek,nl_fiction,1,local bibliographic reference; provider agreement does not by itself prove truth
MB-148,9789022811238,9022811239,9789022811238,Dit is snel zeilen,,Fred G. Imhoff | Lex Pranger | Theo Kampa | Robbert Das,nl,nl,,1975,143,,,yes,Fictie,Leesboek,nl_fiction,1,local bibliographic reference; provider agreement does not by itself prove truth
MB-149,9789023478652,9023478657,9789023478652,Stikvallei,,Frank Westerman,nl,Dutch,De Bezige Bij,2013,317,,,yes,Fictie,Leesboek,nl_fiction,1,local bibliographic reference; provider agreement does not by itself prove truth
MB-150,9789023494218,9023494210,9789023494218,Mooie meisjes,,Karin Slaughter,nl,nl,,2016-04-01,450,,,no,Fictie,Leesboek,nl_fiction,1,local bibliographic reference; provider agreement does not by itself prove truth
MB-151,9789024469574,9024469570,9789024469574,De GenZclopedie,,Laura Bas,nl,nl,,2025,,,,no,Fictie,Leesboek,nl_fiction,1,local bibliographic reference; provider agreement does not by itself prove truth
MB-152,9789024524099,9024524091,9789024524099,De Draken van Heorot,,Larry Niven | Jerry Eugene Pournelle | Steven Barnes | J. J. Meerman,nl,nl,,1996,432,,,no,Fictie,Leesboek,nl_fiction,1,local bibliographic reference; provider agreement does not by itself prove truth
MB-153,9789024535958,9024535956,9789024535958,Carrie,,Stephen Edwin King | F. I. Nijkerk-Pieters | Marian Nijhuis,nl,nl,,1999,253,,,no,Fictie,Leesboek,nl_fiction,1,local bibliographic reference; provider agreement does not by itself prove truth
MB-154,9789024543274,9024543274,9789024543274,Het meisje dat hield van Tom Gordon,,Stephen King | Cherie van Gelder,nl,nl,,2002,224,,,no,Fictie,Leesboek,nl_fiction,1,local bibliographic reference; provider agreement does not by itself prove truth
MB-155,9789024593385,9024593387,9789024593385,Het Cupcake Café,,Jenny Colgan,nl,nl,Luitingh Sijthoff,2021-02-12,447,,,yes,Fictie,Leesboek,nl_fiction,1,local bibliographic reference; provider agreement does not by itself prove truth
MB-156,9789025108403,9025108407,9789025108403,Emma's noorderlicht,,Diet Verschoor,nl,nl,,2000,191,,,yes,Fictie,Leesboek,nl_fiction,1,local bibliographic reference; provider agreement does not by itself prove truth
MB-157,9789025411176,9025411177,9789025411176,Een nacht om te vliegeren,,Renate Maria Dorrestein,nl,nl,,2002,175,,,no,Fictie,Leesboek,nl_fiction,1,local bibliographic reference; provider agreement does not by itself prove truth
MB-158,9789025444129,9025444121,9789025444129,Vergeten reus / druk 1,,Kazuo Ishiguro,nl,nl,,2015-02-24,368,,,no,Fictie,Leesboek,nl_fiction,1,local bibliographic reference; provider agreement does not by itself prove truth
MB-159,9789025455941,9025455948,9789025455941,Cliënt E. Busken,,Jeroen Brouwers,nl,Dutch,Uitgeverij Atlas Contact,2020,256,,,no,Fictie,Leesboek,nl_fiction,1,local bibliographic reference; provider agreement does not by itself prove truth
MB-160,9789025477356,9025477356,9789025477356,Woeste kust,,,nl,Dutch,Atlas Contact,"September 17, 2025",352,,,no,Fictie,Leesboek,nl_fiction,1,local bibliographic reference; provider agreement does not by itself prove truth
MB-161,9789026137754,9026137753,9789026137754,Ik zie jou,,Clare Mackintosh,nl,nl,,2017-06-13,,,,no,Fictie,Leesboek,nl_fiction,1,local bibliographic reference; provider agreement does not by itself prove truth
MB-162,9789026356520,9026356528,9789026356520,De Kooi,,Marcel van de Ven,nl,nl,,2021,,,,no,Fictie,Leesboek,nl_fiction,1,local bibliographic reference; provider agreement does not by itself prove truth
MB-163,9789026357701,9026357702,9789026357701,Heeft iemand Charlotte Salter gezien?,,Nicci French (pseud. van Nicci Gerrard.),nl,nl,,2023,,,,no,Fictie,Leesboek,nl_fiction,1,local bibliographic reference; provider agreement does not by itself prove truth
MB-164,9789027473240,9027473242,9789027473240,Verhalen van Aardzee,,Ursula Kroeber Le Guin | Annemarie van Ewijck,nl,nl,,2001,262,,,no,Fictie,Leesboek,nl_fiction,1,local bibliographic reference; provider agreement does not by itself prove truth
MB-165,9789027483966,9027483965,9027483965,"De hobbit, of Daarheen en weer terug",,,nl,Dutch,Het Spectrum,1976,,,,yes,Fictie,Leesboek,nl_fiction,1,local bibliographic reference; provider agreement does not by itself prove truth
MB-166,9789028419247,9028419241,9789028419247,Portret in sepia,,Isabel Allende,nl,Dutch,Wereldbibliotheek,2001,415,,,yes,Fictie,Leesboek,nl_fiction,1,local bibliographic reference; provider agreement does not by itself prove truth
MB-167,9789029058988,9029058986,9789029058988,De weg naar Nirwana,,Robert Ervin Howard | C. A. G. van den Broek,nl,nl,,1998,159,,,no,Fictie,Leesboek,nl_fiction,1,local bibliographic reference; provider agreement does not by itself prove truth
MB-168,9789029092968,9029092963,9789029092968,Utopia Avenue,,David Mitchell,nl,Dutch,J. M. Meulenhoff,2020,650,,,yes,Fictie,Leesboek,nl_fiction,1,local bibliographic reference; provider agreement does not by itself prove truth
MB-169,9789029093743,9029093749,9789029093743,Han,,Min Jin Lee,nl,nl,,2020,,,,no,Fictie,Leesboek,nl_fiction,1,local bibliographic reference; provider agreement does not by itself prove truth
MB-170,9789029522069,9029522062,9029522062,Kerewin,,Keri Hulme,nl,nl,,1983,533,,,no,Fictie,Leesboek,nl_fiction,1,local bibliographic reference; provider agreement does not by itself prove truth
MB-171,9789029542326,9029542322,9789029542326,Mrs. Degas,,Arthur Japin,nl,Dutch,De Arbeiderspers,"Sep 21, 2020",303,,,no,Fictie,Leesboek,nl_fiction,1,local bibliographic reference; provider agreement does not by itself prove truth
MB-172,9789041413680,9041413685,9789041413680,Het diner,,Herman Koch,nl,Dutch,Anthos,2009,300,,,yes,Fictie,Leesboek,nl_fiction,1,local bibliographic reference; provider agreement does not by itself prove truth
MB-173,9789044334241,9044334247,9789044334241,De man die naar Auschwitz wilde,,Denis Avey | Rob Broomby | Rob van Moppes,nl,nl,,2011,318,,,no,Fictie,Leesboek,nl_fiction,1,local bibliographic reference; provider agreement does not by itself prove truth
MB-174,9789044649321,9044649329,9789044649321,De draaischijf. Roman,,Tom Lanoye,nl,nl,,2022,304,,,no,Fictie,Leesboek,nl_fiction,1,local bibliographic reference; provider agreement does not by itself prove truth
MB-175,9789045700410,9045700417,9789045700410,Familieziek,,Adriaan van Dis,nl,Dutch,Augustus,2002,205,,,yes,Fictie,Leesboek,nl_fiction,1,local bibliographic reference; provider agreement does not by itself prove truth
MB-176,9789049500443,9049500447,9789049500443,Slecht,,Gregory Maguire | Aaffiena Lenting,nl,nl,,2010,479,,,yes,Fictie,Leesboek,nl_fiction,1,local bibliographic reference; provider agreement does not by itself prove truth
MB-177,9789051088212,9051088213,9789051088212,De claim,,John Grisham | Hugo Kuipers,nl,nl,,2003,364,,,no,Fictie,Leesboek,nl_fiction,1,local bibliographic reference; provider agreement does not by itself prove truth
MB-178,9789052266145,905226614X,9789052266145,Kat van jade,,Suzanne Brøgger | Gerard Cruys (pseud. van Gerard Kruisman.),nl,nl,,1999,573,,,yes,Fictie,Leesboek,nl_fiction,1,local bibliographic reference; provider agreement does not by itself prove truth
MB-179,9789056375287,9056375288,9789056375287,Grimm,,Gebroeders Grimm,nl,nl,Lemniscaat Publishers,2005,558,,,yes,Fictie,Leesboek,nl_fiction,1,local bibliographic reference; provider agreement does not by itself prove truth
MB-180,9789056727369,9056727362,9789056727369,De profeet en de idioot,,Jonas Jonasson,nl,nl,,2022,,,,no,Fictie,Leesboek,nl_fiction,1,local bibliographic reference; provider agreement does not by itself prove truth
MB-181,9789059610859,9059610857,9789059610859,Logboek / druk 2,,René Bijman,nl,nl,,2014-03-06,,,,yes,Fictie,Leesboek,nl_fiction,1,local bibliographic reference; provider agreement does not by itself prove truth
MB-182,9789059650022,9059650026,9059650026,Het graf,,,nl,Dutch,Stichting Collectieve Propaganda van het Nederlandse Boek,2004,,,,yes,Fictie,Leesboek,nl_fiction,2,local bibliographic reference; provider agreement does not by itself prove truth
MB-183,9789059653900,9059653904,9789059653900,Morten,,,nl,Dutch,Stichting Collectieve Propaganda van het Nederlandse Boek,2016,,,,yes,Fictie,Leesboek,nl_fiction,1,local bibliographic reference; provider agreement does not by itself prove truth
MB-184,9789059654907,9059654900,9789059654907,Dolores Dolly Poppedijn,,,nl,Dutch,Stichting Collectieve Propaganda van het Nederlandse Boek,2019,93,,,yes,Fictie,Leesboek,nl_fiction,1,local bibliographic reference; provider agreement does not by itself prove truth
MB-185,9789059655447,9059655443,9789059655447,Wat wij zagen,,Hanna Marleen Bervoets,nl,nl,,2021,,,,no,Fictie,Leesboek,nl_fiction,1,local bibliographic reference; provider agreement does not by itself prove truth
MB-186,9789061698265,906169826X,9789061698265,Het Jongensboek / druk 1,,Conn Iggulden | Hal Iggulden,nl,nl,,2007-11,287,,,yes,Fictie,Leesboek,nl_fiction,1,local bibliographic reference; provider agreement does not by itself prove truth
MB-187,9789063052218,9063052219,9789063052218,In het gezelschap van de courtisane,,Sarah Dunant | Frans van Delft,nl,nl,,2006,381,,,no,Fictie,Leesboek,nl_fiction,1,local bibliographic reference; provider agreement does not by itself prove truth
MB-188,9789064102462,9064102465,9789064102462,Levkas bound,,Johan Haverdings,nl,nl,,1999,103,,,no,Fictie,Leesboek,nl_fiction,1,local bibliographic reference; provider agreement does not by itself prove truth
MB-189,9789064102974,906410297X,9789064102974,Solo,,Tania Aebi | Irene Tjemmes,nl,nl,,1999,284,,,yes,Fictie,Leesboek,nl_fiction,1,local bibliographic reference; provider agreement does not by itself prove truth
MB-190,9789069635729,9069635720,9789069635729,Wegwijs in wicca,,Scott Douglas Cunningham | Wim van der Zwan,nl,nl,,2002,206,,,yes,Fictie,Leesboek,nl_fiction,1,local bibliographic reference; provider agreement does not by itself prove truth
MB-191,9789074336277,9074336272,9074336272,Betrapt,,Elizabeth George,nl,Dutch,CPNB,1996,56,,,yes,Fictie,Leesboek,nl_fiction,2,local bibliographic reference; provider agreement does not by itself prove truth
MB-192,9789089751003,9089751009,9789089751003,Nicholas Nickleby,,Charles Dickens,nl,NL,Uitgeverij Just Publishers,2009,576,,,no,Fictie,Leesboek,nl_fiction,1,local bibliographic reference; provider agreement does not by itself prove truth
MB-193,9789400505162,9400505167,9789400505162,Viproom / druk 1,,Jens Lapidus,nl,nl,,2014-11-11,432,,,no,Fictie,Leesboek,nl_fiction,1,local bibliographic reference; provider agreement does not by itself prove truth
MB-194,9789403130811,9403130814,9789403130811,Aleksandra,,Lisa Weeda,nl,nl,,2021,272,,,no,Fictie,Leesboek,nl_fiction,1,local bibliographic reference; provider agreement does not by itself prove truth
MB-195,9789403132600,9403132604,9789403132600,De hemel verslinden,,Paola Giordano,nl,nl,,2018,,,,no,Fictie,Leesboek,nl_fiction,1,local bibliographic reference; provider agreement does not by itself prove truth
MB-196,9789463590600,9463590609,9789463590600,Mijn jaar in kleine tekeningen,,Matilda Tristram,nl,nl,,2018,,,,yes,Fictie,Leesboek,nl_fiction,1,local bibliographic reference; provider agreement does not by itself prove truth
MB-197,9789493409767,9493409767,9789493409767,Ze kwam terug,,,nl,nl,,2025,,,,no,Fictie,Leesboek,nl_fiction,1,local bibliographic reference; provider agreement does not by itself prove truth
MB-198,9789020610338,9020610333,9789020610338,Pietje Bell,,Chris van Abkoude,nl,nl,,1974,159,Pietje Bell,1,yes,,Kinderboek,nl_juvenile_picture_comic,1,local bibliographic reference; provider agreement does not by itself prove truth
MB-199,9789020623253,9020623257,9789020623253,Spookt bij de buren,,R.L. Stine,nl,nl,,1996,127,Kippenvel,5,yes,,Jeugdboek,nl_juvenile_picture_comic,1,local bibliographic reference; provider agreement does not by itself prove truth
MB-200,9789020623284,9020623281,9789020623284,Kamp Nachtmerrie,,R.L. Stine,nl,Dutch,Kluitman,1996,,Kippenvel,8,yes,,Jeugdboek,nl_juvenile_picture_comic,1,local bibliographic reference; provider agreement does not by itself prove truth
MB-201,9789020623338,9020623338,9789020623338,De vloek van de farao,,Robert Lawrence Stine,nl,Dutch,Kluitman,1997,128,Kippenvel,12,yes,Fictie | Kind & Jeugd,Kinderboek,nl_juvenile_picture_comic,1,local bibliographic reference; provider agreement does not by itself prove truth
MB-202,9789020623345,9020623346,9789020623345,Koppensnellers!,,R. L. Stine,nl,nl,,2000,128,Kippenvel,13,yes,,Jeugdboek,nl_juvenile_picture_comic,1,local bibliographic reference; provider agreement does not by itself prove truth
MB-203,9789023457350,9023457358,9789023457350,Tom Poes ontdekt het geheim de blauwe aarde / druk 7,,Marten Toonder,nl,nl,,2011-06,61,,,yes,,Stripboek,nl_juvenile_picture_comic,1,local bibliographic reference; provider agreement does not by itself prove truth
MB-204,9789024526628,9024526620,9789024526628,Het oneindige verhaal,,Michael Ende,nl,nl,,1996,391,,,yes,,Kinderboek,nl_juvenile_picture_comic,1,local bibliographic reference; provider agreement does not by itself prove truth
MB-205,9789025836733,9025836739,9789025836733,Vampierhandboek,,Paul van Loon | Jack Didden,nl,nl,,1997,194,,,yes,,Jeugdboek,nl_juvenile_picture_comic,1,local bibliographic reference; provider agreement does not by itself prove truth
MB-206,9789025839765,9025839762,9789025839765,Heksenjacht,,Henk van Kerkwijk,nl,Dutch,Leopold,1998,306,,,yes,,Jeugdboek,nl_juvenile_picture_comic,1,local bibliographic reference; provider agreement does not by itself prove truth
MB-207,9789026112539,902611253X,9789026112539,Joris en de geheimzinnige toverdrank,,Roald Dahl,nl,nl,,1995,95,,,yes,,Kinderboek,nl_juvenile_picture_comic,1,local bibliographic reference; provider agreement does not by itself prove truth
MB-208,9789026910371,9026910371,9789026910371,Boris,,Jaap ter Haar,nl,nl,,1994,160,,,yes,,Kinderboek,nl_juvenile_picture_comic,1,local bibliographic reference; provider agreement does not by itself prove truth
MB-209,9789026988646,9026988648,9789026988646,Spijt!,,Carry Slee,nl,Dutch,Van Holkema & Warendorf,1997,144,,,yes,,Jeugdboek,nl_juvenile_picture_comic,1,local bibliographic reference; provider agreement does not by itself prove truth
MB-210,9789026992513,9026992513,9789026992513,Kappen,,Carry Slee,nl,nl,,1999,144,,,yes,,Jeugdboek,nl_juvenile_picture_comic,1,local bibliographic reference; provider agreement does not by itself prove truth
MB-211,9789026993398,9026993390,9789026993398,Razend,,Carry Slee,nl,Dutch,Van Holkema & Warendorf,2000,144,,,yes,,Jeugdboek,nl_juvenile_picture_comic,1,local bibliographic reference; provider agreement does not by itself prove truth
MB-212,9789041706843,9041706844,9789041706843,Sigmund / druk 1,,Peter de Wit,nl,nl,,2008-12,144,,,yes,,Stripboek,nl_juvenile_picture_comic,1,local bibliographic reference; provider agreement does not by itself prove truth
MB-213,9789056370459,9056370456,9789056370459,Lees dit niet!,,Margaret Mahy,nl,Dutch,Lemniscaat,1996,181,,,yes,Fictie | Kind & Jeugd,Kinderboek,nl_juvenile_picture_comic,1,local bibliographic reference; provider agreement does not by itself prove truth
MB-214,9789056375898,905637589X,9789056375898,Colman,,Monica Mavis Furlong,nl,nl,Lemniscaat Publishers,2004,224,,,yes,Fictie | Kind & Jeugd,Jeugdboek,nl_juvenile_picture_comic,1,local bibliographic reference; provider agreement does not by itself prove truth
MB-215,9789061699422,9061699428,9789061699422,Polderburka's,,Peter de Wit,nl,Dutch,De Harmonie,2010,64,,,yes,Beeldverhaal | Non-fictie,Stripboek,nl_juvenile_picture_comic,1,local bibliographic reference; provider agreement does not by itself prove truth
MB-216,9789061699569,9061699568,9789061699569,"Handjes thuis, dokter Van Swieten! / druk 1",,Hanco Kolk | Peter de Wit,nl,nl,,2010-08,62,,,yes,,Stripboek,nl_juvenile_picture_comic,1,local bibliographic reference; provider agreement does not by itself prove truth
MB-217,9789062384075,9062384072,9789062384075,Mijn moeder was een rode vlam,,Frank Herzen,nl,nl,,1989,200,,,yes,,Jeugdboek,nl_juvenile_picture_comic,1,local bibliographic reference; provider agreement does not by itself prove truth
MB-218,9789066920781,9066920785,9789066920781,De Griezelbus,,Paul van Loon,nl,nl,,1994,169,De Griezelbus,1,yes,,Jeugdboek,nl_juvenile_picture_comic,1,local bibliographic reference; provider agreement does not by itself prove truth
MB-219,9789066920927,9066920920,9789066920927,Griezelbeelden,,Camila Fialkowski,nl,nl,,1992,153,,,yes,,Kinderboek,nl_juvenile_picture_comic,1,local bibliographic reference; provider agreement does not by itself prove truth
MB-220,9789066921399,9066921390,9789066921399,Klauwen van ijs,,Tais Teng,nl,nl,,1994,180,,,yes,,Jeugdboek,nl_juvenile_picture_comic,1,local bibliographic reference; provider agreement does not by itself prove truth
MB-221,9789066921559,9066921552,9789066921559,Griezellige beesten,,Het Griezelgenootschap,nl,nl,,1995,142,,,yes,,Jeugdboek,nl_juvenile_picture_comic,1,local bibliographic reference; provider agreement does not by itself prove truth
MB-222,9789066921658,906692165X,9789066921658,In de greep van de duisternis,,Het Griezelgenootschap,nl,nl,,1996,154,Duisterlingen,1,yes,,Jeugdboek,nl_juvenile_picture_comic,1,local bibliographic reference; provider agreement does not by itself prove truth
MB-223,9789066921917,9066921919,9789066921917,Dorstige schaduwen,,Eddy C. Bertin,nl,nl,,1997,208,Valentina Hellebel,4,yes,,Jeugdboek,nl_juvenile_picture_comic,1,local bibliographic reference; provider agreement does not by itself prove truth
MB-224,9789066922242,9066922249,9789066922242,De Griezelbus 4,,Paul van Loon,nl,Dutch,Elzenga,"January 1, 1998",234,De Griezelbus,4,yes,Kind & Jeugd,Kinderboek,nl_juvenile_picture_comic,1,local bibliographic reference; provider agreement does not by itself prove truth
MB-225,9789066922273,9066922273,9789066922273,De beet van de demon,,Het Griezelgenootschap,nl,nl,,1998,88,,,yes,,Jeugdboek,nl_juvenile_picture_comic,1,local bibliographic reference; provider agreement does not by itself prove truth
MB-226,9789078753209,907875320X,9789078753209,Het afzien van 2008,,Reid | ...,nl,Dutch,Catullus,2008,111,,,yes,,Stripboek,nl_juvenile_picture_comic,1,local bibliographic reference; provider agreement does not by itself prove truth
MB-227,9789078753278,9078753277,9789078753278,Het afzien van 2009,,Reid ...,nl,Dutch,Catullus,2009,112,,,yes,,Stripboek,nl_juvenile_picture_comic,1,local bibliographic reference; provider agreement does not by itself prove truth
MB-228,9789000027286,9000027284,9000027284,Alleen op de wereld.,,Hector Malot,nl,Dutch,Van Goor,1990,312,,,yes,Non-fictie | Fictie,Leesboek,nl_knowledge_nonfiction,1,local bibliographic reference; provider agreement does not by itself prove truth
MB-229,9789021451862,9021451867,9021451867,Publiek geheim,,J. Bernlef,nl,Dutch,Querido,1987,242,,,yes,Non-fictie | Fictie,Leesboek,nl_knowledge_nonfiction,1,local bibliographic reference; provider agreement does not by itself prove truth
MB-230,9789021613321,9021613328,9789021613321,Het grote wonder,,Lennart Nilsson | Lars Hamberger | Pieter Eric Treffers | Mariyet Senders | Per Wivall,nl,nl,,1990,203,,,yes,Non-fictie,Kennisboek,nl_knowledge_nonfiction,1,local bibliographic reference; provider agreement does not by itself prove truth
MB-231,9789022819760,9022819760,9789022819760,Geen moed vist ook,,Peter Dorleijn,nl,Dutch,[De Boer,1977,159,,,yes,Non-fictie,Kennisboek,nl_knowledge_nonfiction,1,local bibliographic reference; provider agreement does not by itself prove truth
MB-232,9789022985830,9022985830,9789022985830,Het Dossier (The Summons),,,nl,Dutch,A. W. Bruna,2002,,,,yes,Non-fictie | Fictie,Kennisboek,nl_knowledge_nonfiction,1,local bibliographic reference; provider agreement does not by itself prove truth
MB-233,9789024558964,9024558964,9789024558964,22-11-1963,,Stephen King,nl,nl,,2012-11-15,880,,,no,Non-fictie,Kennisboek,nl_knowledge_nonfiction,1,local bibliographic reference; provider agreement does not by itself prove truth
MB-234,9789025108410,9025108415,9789025108410,Philip en Julia,,Else van Erkel,nl,nl,,2000,128,,,no,Non-fictie | Fictie,Leesboek,nl_knowledge_nonfiction,1,local bibliographic reference; provider agreement does not by itself prove truth
MB-235,9789025334086,9025334083,9789025334086,Keizers sterven niet in bed,,Fik Meijer,nl,Dutch,Athenaeum-Polak & Van Gennep,2002,229,,,yes,Non-fictie,Kennisboek,nl_knowledge_nonfiction,1,local bibliographic reference; provider agreement does not by itself prove truth
MB-236,9789026147982,9026147988,9789026147982,Het huis voor ongewenste meisjes,,Joanna Goodman,nl,nl,,2019,,,,no,Non-fictie | Fictie,Leesboek,nl_knowledge_nonfiction,1,local bibliographic reference; provider agreement does not by itself prove truth
MB-237,9789026717161,9026717164,9789026717161,Grepen uit de geschiedenis van de automatisering,,Maarten Looijen,nl,nl,,1992,151,,,yes,Non-fictie,Kennisboek,nl_knowledge_nonfiction,1,local bibliographic reference; provider agreement does not by itself prove truth
MB-238,9789027416056,9027416052,9789027416056,"Dromen, durven, doen / druk 26",,Ben Tiggelaar,nl,nl,,2009-12,140,,,yes,Non-fictie,Kennisboek,nl_knowledge_nonfiction,1,local bibliographic reference; provider agreement does not by itself prove truth
MB-239,9789029043724,9029043725,9029043725,Deirdre,,Wim Gijsen,nl,nl,,1988,806,,,no,Non-fictie,Kennisboek,nl_knowledge_nonfiction,1,local bibliographic reference; provider agreement does not by itself prove truth
MB-240,9789029518291,9029518294,9029518294,De vrouw bestaat niet,,,nl,Dutch,"De Arbeiderspers, Arbeiderspers",1982,157,,,yes,Non-fictie,Kennisboek,nl_knowledge_nonfiction,1,local bibliographic reference; provider agreement does not by itself prove truth
MB-241,9789029519694,902951969X,902951969X,Het uur tussen hond en wolf,,Maarten 't Hart,nl,Dutch,De Arbeiderspers,1987,141,,,yes,Non-fictie | Fictie,Leesboek,nl_knowledge_nonfiction,1,local bibliographic reference; provider agreement does not by itself prove truth
MB-242,9789031342723,9031342726,9789031342723,Paniekstoornis en agorafobie / druk 1 / ING,,E. de Beurs,nl,nl,Bohn Stafleu van Loghum,2004,138,,,yes,Non-fictie,Kennisboek,nl_knowledge_nonfiction,1,local bibliographic reference; provider agreement does not by itself prove truth
MB-243,9789035106932,9035106938,9035106938,Een leeg huis,,Marga Minco,nl,nl,,1966,156,,,no,Non-fictie | Fictie,Leesboek,nl_knowledge_nonfiction,1,local bibliographic reference; provider agreement does not by itself prove truth
MB-244,9789038805337,9038805330,9789038805337,Je brein aan de pil,,Sarah E. Hill,nl,nl,,2019,,,,yes,Non-fictie,Kennisboek,nl_knowledge_nonfiction,1,local bibliographic reference; provider agreement does not by itself prove truth
MB-245,9789043925839,9043925837,9789043925839,Long covid zelfhulpgids,,,nl,nl,,2022,,,,yes,Non-fictie,Kennisboek,nl_knowledge_nonfiction,1,local bibliographic reference; provider agreement does not by itself prove truth
MB-246,9789045303994,904530399X,9789045303994,Niet voor de poes,,Jim Edgar | R. D. Rosen | Gert-Jan Kramer | Studio Imago,nl,nl,,2005,214,,,yes,Non-fictie,Kennisboek,nl_knowledge_nonfiction,1,local bibliographic reference; provider agreement does not by itself prove truth
MB-247,9789047500179,9047500172,9789047500179,Het ex-complex,,Jane Moore,nl,Dutch,Van Holkema & Warendorf,2008,334,,,yes,Non-fictie,Kennisboek,nl_knowledge_nonfiction,1,local bibliographic reference; provider agreement does not by itself prove truth
MB-248,9789048842377,9048842379,9789048842377,Deal,,Michel van Egmond,nl,Dutch,Voetbal Inside,2017,268,,,yes,"Non-fictie | Hobby, Sport & Creatief",Kennisboek,nl_knowledge_nonfiction,1,local bibliographic reference; provider agreement does not by itself prove truth
MB-249,9789048858675,9048858674,9789048858675,Derksen,,Michel van Egmond | Antoinnette Scheulderman,nl,nl,,2021,,,,no,Non-fictie | Fictie,Leesboek,nl_knowledge_nonfiction,1,local bibliographic reference; provider agreement does not by itself prove truth
MB-250,9789049801885,9049801889,9789049801885,Dat weet je niet / druk 1,,Jens Christian Grøndahl,nl,nl,,2012-07,361,,,no,Non-fictie | Fictie,Leesboek,nl_knowledge_nonfiction,1,local bibliographic reference; provider agreement does not by itself prove truth
MB-251,9789051121650,9051121652,9051121652,September,,Rosamunde Pilcher | René Stoute,nl,nl,,1991,449,,,no,Non-fictie | Fictie,Leesboek,nl_knowledge_nonfiction,1,local bibliographic reference; provider agreement does not by itself prove truth
MB-252,9789052108735,9052108730,9789052108735,Zaadbommen,,Josie Jeffery | Henk Breedveld | Scribent (Rotterdam).,nl,nl,,2012,128,,,yes,Non-fictie,Kennisboek,nl_knowledge_nonfiction,1,local bibliographic reference; provider agreement does not by itself prove truth
MB-253,9789058779083,9058779084,9789058779083,Krachttraining,,Frédéric Delavier | Yolanda Heersma,nl,nl,,2011,192,,,yes,Non-fictie,Kennisboek,nl_knowledge_nonfiction,1,local bibliographic reference; provider agreement does not by itself prove truth
MB-254,9789059201392,9059201396,9789059201392,Koffie,,Mary Banks | Christine MacFadden | Catherine Atkinson | Nienke van der Hoeven | Heleen Silvis,nl,nl,,2003,256,,,yes,Non-fictie,Kennisboek,nl_knowledge_nonfiction,1,local bibliographic reference; provider agreement does not by itself prove truth
MB-255,9789059207646,9059207645,9789059207646,Begrijp uw kat,,Roger Tabor | Ghislaine de Thouars | TextCase (Utrecht),nl,nl,,2008,144,,,yes,Non-fictie,Kennisboek,nl_knowledge_nonfiction,1,local bibliographic reference; provider agreement does not by itself prove truth
MB-256,9789059567344,905956734X,9789059567344,Dit is een boek over bier,,Raymond van der Laan,nl,nl,,2017-05-01,,,,yes,Non-fictie,Kennisboek,nl_knowledge_nonfiction,1,local bibliographic reference; provider agreement does not by itself prove truth
MB-257,9789060139684,9060139682,9789060139684,Ronde en platbodems,,Coen van Oostrom,nl,nl,,1988,144,,,yes,Non-fictie,Kennisboek,nl_knowledge_nonfiction,1,local bibliographic reference; provider agreement does not by itself prove truth
MB-258,9789074108492,9074108490,9789074108492,"Het leven, de liefde en de lusten",,Jan Bartelsman | Ronald Edgar Giphart | Maarten van der Jagt,nl,nl,,2012,286,,,yes,Non-fictie,Kennisboek,nl_knowledge_nonfiction,1,local bibliographic reference; provider agreement does not by itself prove truth
MB-259,9789080671324,9080671320,9789080671324,IT service management,,itSMF - the IT Service Management Forum,nl,nl,,2005-05-23,264,,,yes,Non-fictie,Kennisboek,nl_knowledge_nonfiction,1,local bibliographic reference; provider agreement does not by itself prove truth
MB-260,9789081821537,9081821539,9789081821537,Alles draait om je hormonen,,Rineke Dijkinga,nl,nl,,2015,,,,yes,Non-fictie,Kennisboek,nl_knowledge_nonfiction,1,local bibliographic reference; provider agreement does not by itself prove truth
MB-261,9789081954402,9081954407,9789081954402,Over leiderschap,,Jan Andreae,nl,nl,,2012,127,,,yes,Non-fictie,Kennisboek,nl_knowledge_nonfiction,1,local bibliographic reference; provider agreement does not by itself prove truth
MB-262,9789082881202,9082881209,9789082881202,GRIP,,Rick Pastoor,nl,Dutch,Uitgeverij NZ,2019,256,,,yes,Non-fictie | Fictie,Leesboek,nl_knowledge_nonfiction,1,local bibliographic reference; provider agreement does not by itself prove truth
MB-263,9789083014869,908301486X,9789083014869,Amsterdam door! Gijs & Floor. Wandelen met een frisse blik op de stad,,Gijs Stork,nl,nl,,2021,160,,,yes,Non-fictie,Kennisboek,nl_knowledge_nonfiction,1,local bibliographic reference; provider agreement does not by itself prove truth
MB-264,9789462972001,9462972001,9789462972001,De projectleider. Roman,,René den Ouden,nl,nl,,2021,288,,,yes,Fictie | Non-fictie,Kennisboek,nl_knowledge_nonfiction,1,local bibliographic reference; provider agreement does not by itself prove truth
MB-265,9789491041013,9491041010,9789491041013,Het achterhuis,,Anne Frank,nl,nl,,2009,302,,,no,Non-fictie | Fictie,Leesboek,nl_knowledge_nonfiction,1,local bibliographic reference; provider agreement does not by itself prove truth
MB-266,9789491555343,9491555340,9789491555343,De vreugde van het voetbal,,,nl,nl,,2019,,,,yes,Non-fictie,Kennisboek,nl_knowledge_nonfiction,1,local bibliographic reference; provider agreement does not by itself prove truth
MB-267,9789492493255,949249325X,9789492493255,Mindgym,,Wouter de Jong,nl,Dutch,,2018,299,,,yes,Non-fictie,Kennisboek,nl_knowledge_nonfiction,1,local bibliographic reference; provider agreement does not by itself prove truth
MB-268,9780006355571,0006355579,0006355579,Golden Bats and Pink Pigeons,,Gerald Malcolm Durrell,en,English,HarperCollins Publishers Limited,1996,,,,yes,Fictie,Leesboek,older_isbn10_or_edition,1,local bibliographic reference; provider agreement does not by itself prove truth
MB-269,9780060392451,0060392452,0060392452,Stupid White Men,,Michael Moore,en,English,ReganBooks,2001,277,,,yes,"Non-fictie | Hobby, Sport & Creatief",Kennisboek,older_isbn10_or_edition,1,local bibliographic reference; provider agreement does not by itself prove truth
MB-270,9780385605335,0385605331,0385605331,The wee free men,,Terry Pratchett,en,English,Doubleday,2003,320,,,yes,Fictie | Beeldverhaal,Stripboek,older_isbn10_or_edition,1,local bibliographic reference; provider agreement does not by itself prove truth
MB-271,9780440221654,044022165X,044022165X,The Rainmaker,,,en,English,Island Books,1997?,,,,yes,Fictie,Leesboek,older_isbn10_or_edition,2,local bibliographic reference; provider agreement does not by itself prove truth
MB-272,9780450392498,045039249X,9780450392498,The Bachman Books,,Stephen King,en,English,New English Library,1987,880,,,yes,Fictie,Leesboek,older_isbn10_or_edition,1,local bibliographic reference; provider agreement does not by itself prove truth
MB-273,9780450524684,045052468X,9780450524684,The dark half,,,en,English,New English Library,1990,468,,,yes,Fictie,Leesboek,older_isbn10_or_edition,1,local bibliographic reference; provider agreement does not by itself prove truth
MB-274,9780451163523,0451163524,0451163524,The Drawing of the Three,,Stephen King,en,English,Signet,1990-01,,,,yes,Fictie,Leesboek,older_isbn10_or_edition,1,local bibliographic reference; provider agreement does not by itself prove truth
MB-275,9780517149256,0517149257,0517149257,The Ultimate Hitchhiker's Guide,,Douglas Adams,en,English,Wings Books,1996,815,,,yes,Fictie | Beeldverhaal,Stripboek,older_isbn10_or_edition,1,local bibliographic reference; provider agreement does not by itself prove truth
MB-276,9780553106503,0553106503,0553106503,Bones of the master,,George Crane,en,English,Bantam Books,2000,293,,,yes,Non-fictie | Reizen & Cultuur | Fictie,Leesboek,older_isbn10_or_edition,1,local bibliographic reference; provider agreement does not by itself prove truth
MB-277,9780671036607,0671036602,0671036602,The burning city,,Larry Niven,en,English,Pocket Books,2000,486,,,yes,Fictie,Leesboek,older_isbn10_or_edition,1,local bibliographic reference; provider agreement does not by itself prove truth
MB-278,9780671243722,0671243721,9780671243722,Golden bats and pink pigeons,,Gerald Malcolm Durrell,en,English,Simon and Schuster,1977,190,,,yes,Fictie,Leesboek,older_isbn10_or_edition,1,local bibliographic reference; provider agreement does not by itself prove truth
MB-279,9780708836835,0708836836,9780708836835,Living colour,,Kate Coscarelli,en,English,Futura,1988,371,,,yes,Fictie,Leesboek,older_isbn10_or_edition,1,local bibliographic reference; provider agreement does not by itself prove truth
MB-280,9780722163399,0722163398,9780722163399,Footfall,,Larry Niven,unknown,,Time Warner Books UK,"October 1, 1990",736,,,yes,Fictie,Leesboek,older_isbn10_or_edition,1,local bibliographic reference; provider agreement does not by itself prove truth
MB-281,9780747541141,0747541140,0747541140,Soft,,Rupert Thomson,unknown,,Trafalgar Square,"January 1, 1999",320,,,yes,Fictie,Leesboek,older_isbn10_or_edition,1,local bibliographic reference; provider agreement does not by itself prove truth
MB-282,9780747574507,0747574502,0747574502,Harry Potter and the Goblet of Fire,,,en,English,Bloomsbury,2004,796,,,yes,Fictie,Leesboek,older_isbn10_or_edition,1,local bibliographic reference; provider agreement does not by itself prove truth
MB-283,9780749301606,0749301600,9780749301606,Exiles Trilogy,,Ben Bova,unknown,,Arrow Books Ltd,December 1989,30,,,yes,Fictie | Non-fictie,Kennisboek,older_isbn10_or_edition,1,local bibliographic reference; provider agreement does not by itself prove truth
MB-284,9780786276363,0786276363,0786276363,O'Hurleys Return,,Nora Roberts,en,English,Thorndike Press,2005,335,The O'Hurleys,3.4,yes,Fictie,Leesboek,older_isbn10_or_edition,1,local bibliographic reference; provider agreement does not by itself prove truth
MB-285,9780786916573,0786916575,0786916575,Servant of the Shard,,R. A. Salvatore,en,English,Wizards of the Coast,2000,348,,,yes,Fictie,Leesboek,older_isbn10_or_edition,1,local bibliographic reference; provider agreement does not by itself prove truth
MB-286,9781035033980,1035033984,1035033984,Jane Harper Book 6,,Jane Harper,en,en,MacMillan,2026-02-05,,,,yes,Fictie,Leesboek,older_isbn10_or_edition,1,local bibliographic reference; provider agreement does not by itself prove truth
MB-287,9789020232523,9020232525,9789020232523,Waren de goden kosmonauten?,,Erich von Däniken,nl,Dutch,Kluwer,1969,237,,,yes,Fictie,Leesboek,older_isbn10_or_edition,1,local bibliographic reference; provider agreement does not by itself prove truth
MB-288,9789023406747,9023406745,9023406745,De geverfde vogel,,Jerzy Nikodem Kosiński | Oscar Anthonius Gerardus Maria Timmers,nl,nl,,1997,271,,,no,Non-fictie,Kennisboek,older_isbn10_or_edition,1,local bibliographic reference; provider agreement does not by itself prove truth
MB-289,9789024538164,9024538165,9024538165,De Toegewijde Tuinier,,John le Carré,unknown,,Luitingh-Sijtoff,"Mar 21, 2001",,,,yes,Fictie,Leesboek,older_isbn10_or_edition,1,local bibliographic reference; provider agreement does not by itself prove truth
MB-290,9789029019637,9029019638,9029019638,De rook van duizend vuren,,Wim Gijsen,nl,nl,,1985,351,,,no,Non-fictie | Fictie,Leesboek,older_isbn10_or_edition,1,local bibliographic reference; provider agreement does not by itself prove truth
MB-291,9789029029322,9029029323,9029029323,Het beste van Roald Dahl,,,unknown,,Samenw. uitgeverijen Meulenhoff Boekerij,,,,,yes,Fictie,Leesboek,older_isbn10_or_edition,1,local bibliographic reference; provider agreement does not by itself prove truth
MB-292,9789029044974,9029044977,9029044977,ALASTOR-TRILOGIE,,Jack Vance,unknown,,Samenw. uitgeverijen Meulenhoff Boekerij,,,,,yes,Non-fictie | Fictie,Leesboek,older_isbn10_or_edition,1,local bibliographic reference; provider agreement does not by itself prove truth
MB-293,9789029562744,9029562749,9029562749,De mogelijkheid van een eiland,,Michiel Houellebecq,unknown,,Singel Uitgevers,,,,,yes,Fictie,Leesboek,older_isbn10_or_edition,1,local bibliographic reference; provider agreement does not by itself prove truth
MB-294,9789060136317,9060136314,9789060136317,Ronde en platbodems,,Jan Lunenburg | Walter Haentjens,unknown,,,1985,116,,,yes,Non-fictie,Kennisboek,older_isbn10_or_edition,1,local bibliographic reference; provider agreement does not by itself prove truth
MB-295,9789060910818,9060910818,9789060910818,Ronde en platbodemjachten,,T. Huitema,unknown,,,1977,,,,no,Fictie,Leesboek,older_isbn10_or_edition,1,local bibliographic reference; provider agreement does not by itself prove truth
MB-296,9789061203858,9061203856,9061203856,De witte pest,,Frank Herbert | Bob Van Laerhoven,nl,nl,,1984,490,,,no,Fictie,Leesboek,older_isbn10_or_edition,1,local bibliographic reference; provider agreement does not by itself prove truth
MB-297,9789070135089,9070135086,9789070135089,Schepen die voorbijgaan,,H.C.A. Van Kampen,nl,Dutch,Hilgersom/Navigare,1984,348,,,yes,Non-fictie,Kennisboek,older_isbn10_or_edition,1,local bibliographic reference; provider agreement does not by itself prove truth
MB-298,9780006177302,0006177301,9780006177302,Clear and present danger,,Tom Clancy,en,English,HarperCollins,1993,816,,,yes,Fictie | Non-fictie | Reizen & Cultuur,Kennisboek,proportional_shortfall_fill,1,local bibliographic reference; provider agreement does not by itself prove truth
MB-299,9780446697972,0446697974,9780446697972,Boomsday,,Christopher Buckley,en,English,Twelve,"May 16, 2008",336,,,yes,Kind & Jeugd | Non-fictie | Fictie,Kinderboek,proportional_shortfall_fill,1,local bibliographic reference; provider agreement does not by itself prove truth
MB-300,9781529101249,1529101247,9781529101249,Kith and Kin,,TBC Author,en,English,Del Rey,2022-Dec-01,368,,,yes,Fictie,Leesboek,proportional_shortfall_fill,1,local bibliographic reference; provider agreement does not by itself prove truth
